repository_path	source_path_in_analysis_tree	sha256
00_sequencing_qc/collect_seq_qc.py	deposit/scripts/00_sequencing_qc/collect_seq_qc.py	43ebe258ec1d5cc7096341f28b60e4022d2cecf4821d6d09e8823b4943e5402b
00_sequencing_qc/run_seq_qc.sh	deposit/scripts/00_sequencing_qc/run_seq_qc.sh	10159c58bd081e5af68327375219469d0fc0afed04a537a66c818a74593a3fc7
00_sequencing_qc/run_seq_qc_covariate_analysis.py	deposit/scripts/00_sequencing_qc/run_seq_qc_covariate_analysis.py	977f02536b2aff8640268f7cd0fdd4ee3dd88a0a5a22f11d4d0a8f8411d575d3
00_sequencing_qc/seq_qc_array.pbs	deposit/scripts/00_sequencing_qc/seq_qc_array.pbs	2879295091301cf73c984828fbf72ac4e987d164a8200240c3635d6124989b87
01_callsets_and_robustness/audit_validation_target_masks.py	New_run_202060809/scripts/hpc/v2_patched/audit_validation_target_masks.py	a3b035291d3ffb768522b02e520b8065b63820df723666b5a989c7ad09a05b10
01_callsets_and_robustness/build_all_consensus.pbs	analyse/Circle_finder/scripts/build_all_consensus.pbs	7eae0b94a201609a146f7c3ab7df319ae81fb82a3a9edd12045b6693d33eea73
01_callsets_and_robustness/build_circlemap_sensitivity.pbs	analyse/Circle_finder/scripts/build_circlemap_sensitivity.pbs	08c4c1f54343cd6f955cd7260d5ef914d8a44ad1808d101980329243cbe002f5
01_callsets_and_robustness/build_circlemap_sensitivity.py	New_run_202060809/scripts/hpc/upstream_v1/build_circlemap_sensitivity.py	b7ab2a439f52b1ac63dd622bc25d00c443bacb6fe8dc280571ed469f853a0414
01_callsets_and_robustness/build_circlemap_supplementary_tables.py	revise/scripts/build_circlemap_supplementary_tables.py	08422ce6afaa085de6b783dc5c980f0db95bbe44e912560e5e84aeef5452e7d1
01_callsets_and_robustness/build_consensus_callsets.py	analyse/Circle_finder/scripts/build_consensus_callsets.py	481d3e055736711c0ce4692bde29ac1453e7957773f9ffeab0d673a2dca0af38
01_callsets_and_robustness/build_masked_callsets.pbs	analyse/Circle_finder/scripts/build_masked_callsets.pbs	f50ef838f6ca8c6470ebc2b009455b18b1790b4c007695c713e06d28f31f5ebd
01_callsets_and_robustness/build_masked_callsets.py	New_run_202060809/scripts/hpc/v2_patched/build_masked_callsets.py	8c75c0f46fe2637c6555d69b9fe1314192e21e9331adf0dcba31c6c097ce79aa
01_callsets_and_robustness/build_pilot_consensus.pbs	analyse/Circle_finder/scripts/build_pilot_consensus.pbs	2ab45944a3d62006b733aaffeb5158110f3e32f9e757fe7afe5b85777a7365db
01_callsets_and_robustness/collect_software_versions.sh	analyse/Circle_finder/scripts/collect_software_versions.sh	216706db30c1bca06471b264bfa5fcf8b1aaf394f95ccae2d9c181c9c488cc3e
01_callsets_and_robustness/generate_final_report.pbs	analyse/Circle_finder/scripts/generate_final_report.pbs	6a21fa86915a94329fb2e432e9ca54c136864970bb6ce92d193be9fc2332e90a
01_callsets_and_robustness/generate_final_report.py	New_run_202060809/scripts/hpc/v2_patched/generate_final_report.py	fceb2fe0247053a76e35806ace30a48ca8be08193d427b286e178a1d53b58b83
01_callsets_and_robustness/prepare_reference.pbs	analyse/Circle_finder/scripts/prepare_reference.pbs	edbe5256eb5186581f89d4bcb03be5292f139db4df1dca782d915bd2a18a79bf
01_callsets_and_robustness/prepare_strict_resources.pbs	analyse/Circle_finder/scripts/prepare_strict_resources.pbs	ec31a99f1857216b916072445bad72dfb0ec1c53c26122d09358659be560ed55
01_callsets_and_robustness/prepare_strict_resources.py	analyse/Circle_finder/scripts/prepare_strict_resources.py	12a46f0c18f51d2159b9400a772c83fd16c219d757ba31f6744c2057fada2f48
01_callsets_and_robustness/run_circle_finder_sample.sh	analyse/Circle_finder/scripts/run_circle_finder_sample.sh	bbeb5a6697aa7946255587857201cb6c9e7252cc617a213711152ef65063a867
01_callsets_and_robustness/run_core_robustness_analysis.py	New_run_202060809/scripts/hpc/v2_patched/run_core_robustness_analysis.py	c30b02792293b7fa75adf38ca70b868e4970dca67491c179143ac34a1406db94
01_callsets_and_robustness/run_downstream_callset.pbs	New_run_202060809/scripts/hpc/upstream_v1/run_downstream_callset.pbs	cc1e8ec7f3d8d424ce86e00dad1032957c3e745a1fe789725f44d36f0a57f60c
01_callsets_and_robustness/run_one_sample.pbs	analyse/Circle_finder/scripts/run_one_sample.pbs	b9b02bc12b145af2c368dd36ba96949b29e4033cf8c5192961de16aded864ff6
01_callsets_and_robustness/submit_downstream.sh	analyse/Circle_finder/scripts/submit_downstream.sh	e17bdbd1995b100c676219fae311ac532e12602418ff6ba07d4b75ecf7ab24c3
01_callsets_and_robustness/submit_pilot.sh	analyse/Circle_finder/scripts/submit_pilot.sh	334c1ebd6c0b8062f77275fa1b2fcbd19c66ba5707757c418682445cbbcb5b60
01_callsets_and_robustness/submit_remaining_samples.sh	analyse/Circle_finder/scripts/submit_remaining_samples.sh	5fa5aa9b8cf5b2c4aa29ca87f50cc4ccf45ce86fe4d9d47bc3a49de936431421
01_callsets_and_robustness/summarize_downstream_robustness.py	New_run_202060809/scripts/hpc/v2_patched/summarize_downstream_robustness.py	f5a802ddf8259c5a5980e8f6667c081eaa30508c0e38c62aecbbccb8b0cfc7a4
01_callsets_and_robustness/sync_final_results.sh	analyse/Circle_finder/scripts/sync_final_results.sh	e9202a85529e52e269f577b6b986849722325d34cc0318e72c88e10c12ac12f2
01_callsets_and_robustness/v2_core_robustness.pbs	New_run_202060809/scripts/hpc/v2_core_robustness.pbs	8c84759763e9217437566997a67117a27e0b52936d6676c75838b06389ea4b7e
01_callsets_and_robustness/v2_summarize_downstream.pbs	New_run_202060809/scripts/hpc/v2_summarize_downstream.pbs	39784606d0e93ef13f35e1fd2fa654be6199b053b7e76cdd74d54d5cdb332085
01_callsets_and_robustness/v2_target_mask_audit.pbs	New_run_202060809/scripts/hpc/v2_target_mask_audit.pbs	457e63be6aaca08c50fef8c336d69e8809c57126e7280dbd8bd3ede02bb26153
01_callsets_and_robustness/validate_all.pbs	analyse/Circle_finder/scripts/validate_all.pbs	4bb5e28284f97504016127e9fc081f9ed778b0226619738f639f81cb4ad37233
01_callsets_and_robustness/validate_circlefinder_runs.py	analyse/Circle_finder/scripts/validate_circlefinder_runs.py	8de3b7f09044a31fc6f26755a8e1edf3c9ce9eead45942ba863394325b57c404
01_callsets_and_robustness/validate_pilot.pbs	analyse/Circle_finder/scripts/validate_pilot.pbs	d3cc4fad901ff11a83b72a7754e9565ef46b1551829cf5fa8b7d183a58a9d427
02_eccdna_quantification/calc_epm_in_peaks_fast.py	analyse/EPM/scripts/calc_epm_in_peaks_fast.py	5975500d9e32226eff2723cb3f3b0a9b134e1ca98fa10ebe1e507dc01f4ed613
02_eccdna_quantification/export_supplementary_tables.py	analyse/EPM/scripts/export_supplementary_tables.py	849930a6f5c232e765a331aaf3961750363b6cbc158b9f35e9b9fbc3f8a1eff0
02_eccdna_quantification/genomic_distribution.py	New_run_202060809/scripts/hpc/v2_patched/genomic_distribution.py	3ad7cabf290db99306d447d692cae358eefb9b5eefd98570c34f3be9f51da953
02_eccdna_quantification/recurrent_exact_intervals.py	New_run_202060809/scripts/hpc/v2_patched/recurrent_exact_intervals.py	29d5e17ed57e487bf10c68038d56c243be3ab678e26ba8b6233b4d260ddc615b
02_eccdna_quantification/run_epm_reanalysis.py	analyse/EPM/scripts/run_epm_reanalysis.py	319f6af1923e42e85e6e81c492e023e1b6e022fff21b7fecd8f9e90f133602a8
02_eccdna_quantification/v2_genomic_distribution.pbs	New_run_202060809/scripts/hpc/v2_genomic_distribution.pbs	bed7541f39a469088cd3cc8345c322011d314d1390bf6f3184ee1e22837446cf
02_eccdna_quantification/v2_recurrent_exact_intervals.pbs	New_run_202060809/scripts/hpc/v2_recurrent_exact_intervals.pbs	b568fb0c69b9f3761d004fb5d93be2e81e6b9722e73ffdb7586e8ae9865bf235
03_fragment_length/run_fragment_length_peak_analysis.pbs	analyse/fragment_length/scripts/run_fragment_length_peak_analysis.pbs	c4668571687c07e2105efc95bfe60260947810cfcd4d8bcf3914d11def8825cc
03_fragment_length/run_fragment_length_peak_analysis.py	New_run_202060809/scripts/hpc/upstream_v1/run_fragment_length_peak_analysis.py	101f9c91940a56c02cbc50093752a833b3992ac5b841994c4c3eee748f60e2d2
03_fragment_length/v2_fragment_length.pbs	New_run_202060809/scripts/hpc/v2_fragment_length.pbs	fb47468adcaf0ad038e536cae9e42d93a9c44b3838dfe35f0ef6eb451798b35d
04_rca_technical_bias/rerun_module02_locally.py	deposit/scripts/02_rca_technical_bias/rerun_module02_locally.py	6a3a0ab87c640a8388587cf8d43322783c79fba6dd93c07d3031b2c22fa2ed26
04_rca_technical_bias/run_rca_bias_analysis.py	New_run_202060809/scripts/hpc/upstream_v1/run_rca_bias_analysis.py	d0e4db4fb95b34ed4ea92be1b3b0fa4501ed4c209508a1d1ffab564000baa5c6
04_rca_technical_bias/v2_rca_bias.pbs	New_run_202060809/scripts/hpc/v2_rca_bias.pbs	deee443f32d246e180f9dd30a3e5cc5246b50b4336b89330c5e2d0b255df6a78
05_eccgene/add_enrichment_materials.py	deposit/scripts/04_eccgene/add_enrichment_materials.py	a73d9746e1aad1d244c5918aeeba79b7a4d4399020bee821295306ddf6a1bdcb
05_eccgene/build_eccgene_results_package.py	revise/scripts/build_eccgene_results_package.py	8b6028a0840790a9b1fa047d8dd374c0aa75d37be1b1d234280791a6fffa10c4
05_eccgene/run_eccgene_reanalysis.py	New_run_202060809/scripts/hpc/upstream_v1/run_eccgene_reanalysis.py	6b7627e6c2569b745980c5544092df3dd802a927b109565e8f6c9ebc9f5191c3
05_eccgene/validate_eccgene_results_package.py	revise/scripts/validate_eccgene_results_package.py	b6fce671e68e7bb0a82063db337867d69823f837ca782d9362279b35930cf24b
06_candidate_loci/annotate_chromatin_display_candidates.py	New_run_202060809/scripts/hpc/v2_patched/annotate_chromatin_display_candidates.py	43ea508fd855aa967dbf37deffcb853db8bf065cc8473a222201851c546daf28
06_candidate_loci/build_locus_selection_supplementary_table.py	revise/scripts/build_locus_selection_supplementary_table.py	57b05fc9e7102bda53e8d5ec8ac1502027abc2615c4b36a29cd83ac00bbb6c65
06_candidate_loci/build_ranking_workbook.py	analyse/BCL3/scripts/build_ranking_workbook.py	2269f618a03aeb58b2ba8d74688efe16238a79ebf1ba90fe5f57fc61e90fb886
06_candidate_loci/locus_candidate_screen.pbs	analyse/chromatin/scripts/locus_candidate_screen.pbs	c189e7fbbca4f04c21f9d7cd77832c3265fda83e8cb8cd12d13eafc424b9fe93
06_candidate_loci/prepare_artifact_links.py	analyse/BCL3/scripts/prepare_artifact_links.py	3b9ba7e064a0c525c40a1758e897b9e8a6b7cff9838c754d4b8e6ed438edeb57
06_candidate_loci/rank_candidate_loci.py	New_run_202060809/scripts/hpc/upstream_v1/rank_candidate_loci.py	e858b6189cb1b841e270914e66ec33bf6fe27980ef2b6654399fa76ec35563f7
06_candidate_loci/run_candidate_locus_ranking.pbs	analyse/BCL3/run_candidate_locus_ranking.pbs	361345b43e88da33ce4e27217d4c38f176e2f1185455c791602a52f4c70c17f8
06_candidate_loci/run_ranking_only.pbs	analyse/BCL3/run_ranking_only.pbs	43966206a82b6a8d79c3af880f02a775fe54900d3052eb3c7fdd6f69a375ed0f
06_candidate_loci/v2_display_candidate_annotation.pbs	New_run_202060809/scripts/hpc/v2_display_candidate_annotation.pbs	8222a9b2d6acd3aa3d79e27391d67e9a6f33210826ac980ee92fad935652c3ec
06_candidate_loci/v2_rank_candidate_loci.pbs	New_run_202060809/scripts/hpc/v2_rank_candidate_loci.pbs	21d3adb69b1aee4d2a65f70e1d1d7db2084ca74cea76790d00cb53aca789cfd8
07_chromatin/build_chromatin_supplementary_tables.py	revise/scripts/build_chromatin_supplementary_tables.py	da331889f03da54a87955a4d5eae33f03c2fa6713f11b9445d3ae0a27626d1ad
07_chromatin/chromatin_extensions.pbs	analyse/chromatin/scripts/chromatin_extensions.pbs	58f4a4b32d59fb3910df76a36a17d90681c3022a94fa5f506d7cc58d775a201b
07_chromatin/chromatin_hg38_analysis.pbs	analyse/chromatin/scripts/chromatin_hg38_analysis.pbs	2024fd01c91cc1fb010594010dfadafc87b7eeb64a28a72f3f2a5798e6141a8a
07_chromatin/fetch_encode_hg38_peaks.py	analyse/chromatin/scripts/fetch_encode_hg38_peaks.py	35b1fdfe355562478477c3cc23b66ab76da3dee14d00426bfc4d563cced35af2
07_chromatin/p0_burden_control.pbs	analyse/chromatin/scripts/p0_burden_control.pbs	3bb2ad805bacbb8ffcc22ba6ee1d58d118161cf954db39e8d150918cc4ce7301
07_chromatin/rerun_chromatin_covariate_locally.py	deposit/scripts/06_chromatin/rerun_chromatin_covariate_locally.py	065c03061c7fd5966856a44a8afd0fec76ff97f94cc09aa8c4a435b745837898
07_chromatin/run_chromatin_extensions.py	New_run_202060809/scripts/hpc/upstream_v1/run_chromatin_extensions.py	027df71effd7f7a221c871df1998ba78542724a13132d5eb63ca255d134d3360
07_chromatin/run_chromatin_hg38_analysis.py	New_run_202060809/scripts/hpc/upstream_v1/run_chromatin_hg38_analysis.py	611160fd2d9312577843e27357f7a8450764968d8fe60c32bb7bfb7efdaa4708
07_chromatin/run_p0_burden_control.py	New_run_202060809/scripts/hpc/upstream_v1/run_p0_burden_control.py	0d0dfbe84840cb7b87f18080e11267f39479efad8b951e9b007956f56758b2cb
07_chromatin/run_qduh_chromatin_hg38.sh	analyse/chromatin/scripts/run_qduh_chromatin_hg38.sh	f886f2ef08d7e5da139bd1ce6c0d024d6f9609588daac0bc9f19010ea4bf9f19
07_chromatin/v2_chromatin_extensions.pbs	New_run_202060809/scripts/hpc/v2_chromatin_extensions.pbs	c373ce9828e97410f9d51aba633a779a525ea012a13be24f264db5f3bc2828bf
07_chromatin/v2_p0_burden_control.pbs	New_run_202060809/scripts/hpc/v2_p0_burden_control.pbs	cd441bc1a9dbb2b05e914bb6109ea2318c1a6bbb0552fbb50af2aaeb18fe2143
07_chromatin/validate_extensions_probabilities.py	analyse/chromatin/scripts/validate_extensions_probabilities.py	d22fa39b420d3e29d3493a4c2a2c0d4b01a2563d6b09eed999f43b6fa0d4a41d
07_chromatin/validate_p0_per_circle_arrays.py	analyse/chromatin/scripts/validate_p0_per_circle_arrays.py	6a7724dd9840d9c8b292a422b7e3f031cc43f33c8032dde99197fcd182e814b8
08_age_matching/build_age_matched_pairs.py	deposit/scripts/07_age_matching/build_age_matched_pairs.py	5b98c606f2f36823323e718b53baa0c146caed7575eacbeaf250a87f3c9dee7e
08_age_matching/rebuild_age_matched_pairs_v2_20260813.py	New_run_202060809/scripts/manuscript/rebuild_age_matched_pairs_v2_20260813.py	0d33cf7b0ff8e070541867cfd051d09fa1ef1e4dba5824387d6837add5b1cf6b
09_clinical_correlates/build_table_s21.py	deposit/scripts/08_clinical_correlates/build_table_s21.py	3bf5ec1b120fc436553e3cf33e2b8b5fa375dd2b5b2a6f4552b8c214955bad91
09_clinical_correlates/clinical_correlates_v2.py	New_run_202060809/scripts/local/clinical_correlates_v2.py	940cc85b86fe45565c31c146873bd6bd3669ffc9231f9d65b2ecd5464e75640a
09_clinical_correlates/derive_v2_burden_table.py	New_run_202060809/scripts/local/derive_v2_burden_table.py	574221851d8d8e2a0fca2512c74eacaa595656dc9829fc841f9b9769a811740c
docs/PRE_DECLARATION.md	New_run_202060809/PRE_DECLARATION.md	48f7a41ed557d7d4e6c9b7cb1a5fbeb776bd4a7b04a55894c3b61d72ba29fb0b
docs/reference_manifest.tsv	deposit/reference/reference_manifest.tsv	7c6b71cf58edac592804fb69317b9abd79e0c081647cd90ba94ab85064803e99
workflow/submit_v2_stage2.sh	New_run_202060809/scripts/hpc/submit_v2_stage2.sh	5562727febf4b618a224af58dcbc05fb7f01bdeff4483c97c5a3390951483ad8
workflow/v2_env.sh	New_run_202060809/scripts/hpc/v2_env.sh	c23b330d478fe96dbf9ca4aa477e7235e2dde908f31810137880396fdd2917b7
workflow/wait_for_marker.sh	New_run_202060809/scripts/local/wait_for_marker.sh	6cb2e444bf5475887e7e6a02ff5d5031b0b4307e202e3f6c19d6b7be1ef24a9e
workflow/wait_for_stage2.sh	New_run_202060809/scripts/local/wait_for_stage2.sh	397b44cc44107b6d0902056210c7b39c69e3176016c7b9d5137a248a3216b01b
